{"cameraMode":{"drawMode":0,"name":"Shaded","section":"Shading Mode"},"sceneLighting":true,"audioPlay":false,"sceneViewState":{"showFog":true,"showMaterialUpdate":false,"showSkybox":true,"showFlares":true,"showImageEffects":true,"showParticleSystems":true},"in2DMode":false,"pivot":{"x":-1.8422925472259522,"y":2.034555673599243,"z":29.484601974487306},"rotation":{"x":-0.07324129343032837,"y":-0.07264768332242966,"z":0.00534643791615963,"w":-0.9946767687797546},"size":19.24428367614746,"orthographic":false}