{"cameraMode":{"drawMode":0,"name":"Shaded","section":"Shading Mode"},"sceneLighting":true,"audioPlay":false,"sceneViewState":{"showFog":true,"showMaterialUpdate":false,"showSkybox":true,"showFlares":true,"showImageEffects":true,"showParticleSystems":true},"in2DMode":false,"pivot":{"x":-3.109868049621582,"y":0.6165273189544678,"z":2.713181495666504},"rotation":{"x":0.4633384943008423,"y":0.013290402479469777,"z":-0.006943847518414259,"w":0.886074423789978},"size":0.49828875064849856,"orthographic":false}