{"cameraMode":{"drawMode":0,"name":"Shaded","section":"Shading Mode"},"sceneLighting":true,"audioPlay":false,"sceneViewState":{"showFog":true,"showMaterialUpdate":false,"showSkybox":true,"showFlares":true,"showImageEffects":true,"showParticleSystems":true},"in2DMode":false,"pivot":{"x":-16.544944763183595,"y":-2.0246994495391847,"z":46.846435546875},"rotation":{"x":0.07340481877326966,"y":-0.028419921174645425,"z":0.0020919605158269407,"w":0.9969035983085632},"size":19.24428367614746,"orthographic":false}