{"cameraMode":{"drawMode":0,"name":"Shaded","section":"Shading Mode"},"sceneLighting":true,"audioPlay":false,"sceneViewState":{"showFog":true,"showMaterialUpdate":false,"showSkybox":true,"showFlares":true,"showImageEffects":true,"showParticleSystems":true},"in2DMode":false,"pivot":{"x":960.0,"y":698.5999755859375,"z":0.00002765655517578125},"rotation":{"x":-0.10359828174114227,"y":-0.02477744035422802,"z":0.002474421402439475,"w":-0.9943519234657288},"size":268.60052490234377,"orthographic":false}