{"cameraMode":{"drawMode":0,"name":"Shaded","section":"Shading Mode"},"sceneLighting":true,"audioPlay":false,"sceneViewState":{"showFog":true,"showMaterialUpdate":false,"showSkybox":true,"showFlares":true,"showImageEffects":true,"showParticleSystems":true},"in2DMode":false,"pivot":{"x":0.4777587056159973,"y":27.61026382446289,"z":59.282249450683597},"rotation":{"x":0.005999924149364233,"y":0.01409276481717825,"z":0.0000667545318719931,"w":-0.9999188184738159},"size":22.0,"orthographic":false}