{"cameraMode":{"drawMode":0,"name":"Shaded","section":"Shading Mode"},"sceneLighting":true,"audioPlay":false,"sceneViewState":{"showFog":true,"showMaterialUpdate":false,"showSkybox":true,"showFlares":true,"showImageEffects":true,"showParticleSystems":true},"in2DMode":false,"pivot":{"x":1.8643335103988648,"y":-0.11853901296854019,"z":45.46305847167969},"rotation":{"x":0.12660589814186097,"y":0.3631792664527893,"z":-0.04990189149975777,"w":0.9218021631240845},"size":9.179601669311524,"orthographic":false}