{"cameraMode":{"drawMode":0,"name":"Shaded","section":"Shading Mode"},"sceneLighting":true,"audioPlay":false,"sceneViewState":{"showFog":true,"showMaterialUpdate":false,"showSkybox":true,"showFlares":true,"showImageEffects":true,"showParticleSystems":true},"in2DMode":false,"pivot":{"x":23.826452255249025,"y":34.579620361328128,"z":46.496856689453128},"rotation":{"x":-0.09703066945075989,"y":-0.31046992540359499,"z":0.031875234097242358,"w":-0.9450860619544983},"size":192.54981994628907,"orthographic":false}