{"cameraMode":{"drawMode":0,"name":"Shaded","section":"Shading Mode"},"sceneLighting":true,"audioPlay":false,"sceneViewState":{"showFog":true,"showMaterialUpdate":false,"showSkybox":true,"showFlares":true,"showImageEffects":true,"showParticleSystems":true},"in2DMode":false,"pivot":{"x":-6.373939037322998,"y":0.6000000238418579,"z":1.1100000143051148},"rotation":{"x":-0.589103102684021,"y":0.16112877428531648,"z":-0.12134801596403122,"w":-0.7825295329093933},"size":5.982746601104736,"orthographic":false}