{"cameraMode":{"drawMode":0,"name":"Shaded","section":"Shading Mode"},"sceneLighting":true,"audioPlay":false,"sceneViewState":{"showFog":true,"showMaterialUpdate":false,"showSkybox":true,"showFlares":true,"showImageEffects":true,"showParticleSystems":true},"in2DMode":false,"pivot":{"x":0.570068359375,"y":29.54529571533203,"z":46.861724853515628},"rotation":{"x":0.0584266372025013,"y":0.037741854786872867,"z":-0.0022625774145126344,"w":0.9976471066474915},"size":29.31342315673828,"orthographic":false}