{"cameraMode":{"drawMode":0,"name":"Shaded","section":"Shading Mode"},"sceneLighting":true,"audioPlay":false,"sceneViewState":{"showFog":true,"showMaterialUpdate":false,"showSkybox":true,"showFlares":true,"showImageEffects":true,"showParticleSystems":true},"in2DMode":false,"pivot":{"x":-15.032279014587403,"y":1.314375400543213,"z":1.6505584716796876},"rotation":{"x":-0.589103102684021,"y":0.16112877428531648,"z":-0.12134801596403122,"w":-0.7825295329093933},"size":13.361427307128907,"orthographic":false}