{"cameraMode":{"drawMode":0,"name":"Shaded","section":"Shading Mode"},"sceneLighting":false,"audioPlay":false,"sceneViewState":{"showFog":true,"showMaterialUpdate":false,"showSkybox":false,"showFlares":true,"showImageEffects":true,"showParticleSystems":true},"in2DMode":false,"pivot":{"x":0.8564673662185669,"y":-1.6455860137939454,"z":-1.0040034055709839},"rotation":{"x":0.4331013262271881,"y":0.5005531907081604,"z":-0.31980136036872866,"w":0.6779575943946838},"size":6.917835712432861,"orthographic":false}