{"cameraMode":{"drawMode":0,"name":"Shaded","section":"Shading Mode"},"sceneLighting":true,"audioPlay":false,"sceneViewState":{"showFog":true,"showMaterialUpdate":false,"showSkybox":true,"showFlares":true,"showImageEffects":true,"showParticleSystems":true},"in2DMode":false,"pivot":{"x":1618.008544921875,"y":57.00850296020508,"z":-0.00005626678466796875},"rotation":{"x":0.09728097170591355,"y":0.3701168894767761,"z":-0.03901771083474159,"w":0.9231278300285339},"size":713.6448364257813,"orthographic":false}