{"cameraMode":{"drawMode":0,"name":"Shaded","section":"Shading Mode"},"sceneLighting":true,"audioPlay":false,"sceneViewState":{"showFog":true,"showMaterialUpdate":false,"showSkybox":true,"showFlares":true,"showImageEffects":true,"showParticleSystems":true},"in2DMode":false,"pivot":{"x":18.784719467163087,"y":7.459986209869385,"z":-7.359541416168213},"rotation":{"x":0.23527686297893525,"y":-0.18567803502082826,"z":0.04608502611517906,"w":0.9529730677604675},"size":7.048803329467773,"orthographic":false}