{"cameraMode":{"drawMode":0,"name":"Shaded","section":"Shading Mode"},"sceneLighting":true,"audioPlay":false,"sceneViewState":{"showFog":true,"showMaterialUpdate":false,"showSkybox":true,"showFlares":true,"showImageEffects":true,"showParticleSystems":true},"in2DMode":false,"pivot":{"x":293.844970703125,"y":17.154998779296876,"z":0.0000400543212890625},"rotation":{"x":0.17756099998950959,"y":-0.0070734778419137,"z":0.001258258824236691,"w":0.9841533899307251},"size":22.0,"orthographic":false}