{"cameraMode":{"drawMode":0,"name":"Shaded","section":"Shading Mode"},"sceneLighting":false,"audioPlay":false,"sceneViewState":{"showFog":true,"showMaterialUpdate":false,"showSkybox":false,"showFlares":true,"showImageEffects":true,"showParticleSystems":true},"in2DMode":false,"pivot":{"x":-0.18613819777965547,"y":0.45907357335090639,"z":0.758372962474823},"rotation":{"x":0.004493575543165207,"y":-0.056968580931425098,"z":0.00024923536693677306,"w":0.9983761310577393},"size":5.30190896987915,"orthographic":false}