{"cameraMode":{"drawMode":0,"name":"Shaded","section":"Shading Mode"},"sceneLighting":true,"audioPlay":false,"sceneViewState":{"showFog":true,"showMaterialUpdate":false,"showSkybox":true,"showFlares":true,"showImageEffects":true,"showParticleSystems":true},"in2DMode":false,"pivot":{"x":23.936185836791993,"y":26.503116607666017,"z":23.676502227783204},"rotation":{"x":-0.11499104648828507,"y":0.0661022812128067,"z":-0.00767215620726347,"w":-0.9911605715751648},"size":167.6805877685547,"orthographic":false}