{"cameraMode":{"drawMode":0,"name":"Shaded","section":"Shading Mode"},"sceneLighting":true,"audioPlay":false,"sceneViewState":{"showFog":true,"showMaterialUpdate":false,"showSkybox":true,"showFlares":true,"showImageEffects":true,"showParticleSystems":true},"in2DMode":false,"pivot":{"x":-11.759258270263672,"y":4.011111259460449,"z":40.54814910888672},"rotation":{"x":0.08240470290184021,"y":-0.013141058385372162,"z":0.0010713733499869705,"w":0.9965804219245911},"size":6.299188137054443,"orthographic":false}