{"cameraMode":{"drawMode":0,"name":"Shaded","section":"Shading Mode"},"sceneLighting":true,"audioPlay":false,"sceneViewState":{"showFog":true,"showMaterialUpdate":false,"showSkybox":true,"showFlares":true,"showImageEffects":true,"showParticleSystems":true},"in2DMode":false,"pivot":{"x":11.691295623779297,"y":-0.8454456329345703,"z":88.92024230957031},"rotation":{"x":-0.06216030567884445,"y":-0.12394150346517563,"z":-0.007846763357520104,"w":0.9903567433357239},"size":152.47366333007813,"orthographic":false}