{"cameraMode":{"drawMode":0,"name":"Shaded","section":"Shading Mode"},"sceneLighting":true,"audioPlay":false,"sceneViewState":{"showFog":true,"showMaterialUpdate":false,"showSkybox":true,"showFlares":true,"showImageEffects":true,"showParticleSystems":true},"in2DMode":false,"pivot":{"x":-1.7391284704208375,"y":2.981559991836548,"z":27.963611602783204},"rotation":{"x":-0.08912892639636994,"y":-0.12902656197547913,"z":0.011611038818955422,"w":-0.9876046776771545},"size":4.97408390045166,"orthographic":false}