{"cameraMode":{"drawMode":0,"name":"Shaded","section":"Shading Mode"},"sceneLighting":true,"audioPlay":false,"sceneViewState":{"showFog":true,"showMaterialUpdate":false,"showSkybox":true,"showFlares":true,"showImageEffects":true,"showParticleSystems":true},"in2DMode":false,"pivot":{"x":-42.87360763549805,"y":-34.49634552001953,"z":89.89308166503906},"rotation":{"x":-0.06216030567884445,"y":-0.12394150346517563,"z":-0.007846763357520104,"w":0.9903567433357239},"size":95.00399780273438,"orthographic":false}