{"cameraMode":{"drawMode":0,"name":"Shaded","section":"Shading Mode"},"sceneLighting":true,"audioPlay":false,"sceneViewState":{"showFog":true,"showMaterialUpdate":false,"showSkybox":true,"showFlares":true,"showImageEffects":true,"showParticleSystems":true},"in2DMode":false,"pivot":{"x":2.4576406478881838,"y":7.858928680419922,"z":0.08954191207885742},"rotation":{"x":0.5460129976272583,"y":0.1489439755678177,"z":-0.09933724254369736,"w":0.8184705972671509},"size":8.155951499938965,"orthographic":false}