{"cameraMode":{"drawMode":0,"name":"Shaded","section":"Shading Mode"},"sceneLighting":true,"audioPlay":false,"sceneViewState":{"showFog":true,"showMaterialUpdate":false,"showSkybox":true,"showFlares":true,"showImageEffects":true,"showParticleSystems":true},"in2DMode":false,"pivot":{"x":-10.155759811401368,"y":13.845630645751954,"z":-7.782476425170898},"rotation":{"x":-0.42381396889686587,"y":-0.0808277577161789,"z":0.03795459121465683,"w":-0.9013993740081787},"size":3.3452341556549074,"orthographic":false}