{"cameraMode":{"drawMode":0,"name":"Shaded","section":"Shading Mode"},"sceneLighting":true,"audioPlay":false,"sceneViewState":{"showFog":true,"showMaterialUpdate":false,"showSkybox":true,"showFlares":true,"showImageEffects":true,"showParticleSystems":true},"in2DMode":false,"pivot":{"x":-7.604047775268555,"y":3.4623208045959474,"z":2.858564853668213},"rotation":{"x":-0.40933701395988467,"y":-0.0199818667024374,"z":0.008976141922175885,"w":-0.9121789336204529},"size":14.49433708190918,"orthographic":false}