{"cameraMode":{"drawMode":0,"name":"Shaded","section":"Shading Mode"},"sceneLighting":true,"audioPlay":false,"sceneViewState":{"showFog":true,"showMaterialUpdate":false,"showSkybox":true,"showFlares":true,"showImageEffects":true,"showParticleSystems":true},"in2DMode":false,"pivot":{"x":13.518518447875977,"y":9.425926208496094,"z":42.400001525878909},"rotation":{"x":-0.05978488549590111,"y":-0.23143775761127473,"z":-0.014260140247642994,"w":0.9709287881851196},"size":1.7284834384918213,"orthographic":false}