{"cameraMode":{"drawMode":0,"name":"Shaded","section":"Shading Mode"},"sceneLighting":true,"audioPlay":false,"sceneViewState":{"showFog":true,"showMaterialUpdate":false,"showSkybox":true,"showFlares":true,"showImageEffects":true,"showParticleSystems":true},"in2DMode":false,"pivot":{"x":1250.5980224609375,"y":17.155052185058595,"z":0.00002002716064453125},"rotation":{"x":-0.06816524267196655,"y":0.07127155363559723,"z":0.0051446822471916679,"w":0.9951698184013367},"size":713.6448364257813,"orthographic":false}