{"cameraMode":{"drawMode":0,"name":"Shaded","section":"Shading Mode"},"sceneLighting":true,"audioPlay":false,"sceneViewState":{"showFog":true,"showMaterialUpdate":false,"showSkybox":true,"showFlares":true,"showImageEffects":true,"showParticleSystems":true},"in2DMode":false,"pivot":{"x":-13.05555534362793,"y":-1.7222222089767457,"z":40.54814910888672},"rotation":{"x":0.18018309772014619,"y":0.05897827446460724,"z":-0.010829824022948742,"w":0.9818190336227417},"size":19.24428367614746,"orthographic":false}